channel_prob,ldpc_bit_error_probs
1.0e-5,0.0
1.9306977288832496e-5,0.0
3.727593720314938e-5,0.0
7.196856730011514e-5,0.0
0.00013894954943731373,0.0
0.00026826957952797245,0.0
0.0005179474679231213,0.0
0.001,0.0
0.0019306977288832496,0.0
0.0037275937203149418,1.998001998001998e-5
0.0071968567300115215,5.994005994005994e-5
0.013894954943731374,0.0008991008991008991
0.02682695795279726,0.007022977022977023
0.0517947467923121,0.05051948051948052
0.1,0.15
